id,name,latitude,longitude,type,color
1,Frac Alsace,48.2555962,7.4576113,frac,#7678ED
2,Artothèque Nouvelle Acquitaine,45.828945,1.26029,frac,#7678ED
3,Frac Bretange,48.11198,-1.67429,frac,#7678ED
4,Frac Grand Large HDF,51.048044,2.375822,frac,#7678ED
5,Frac Ile-de-France,48.8776787,2.3858246,frac,#7678ED
6,Frac Lorraine,49.1207018,6.1794718,frac,#7678ED
7,Frac Normandie,49.1817741394043,-0.3795659840106964,frac,#7678ED
8,Frac Nouvelle Acquitaine Méca,44.8279673,-0.5516435,frac,#7678ED
9,Frac Occitanie Montpellier,43.6062805,3.8694643,frac,#7678ED
10,Frac Poitou_Charentes,45.6544575,0.1582617,frac,#7678ED
11,Frac Rhônes_Alpes,45.762473,4.872415,frac,#7678ED
,,,,,
12,Jacques MARTIN,48.584614,7.7507127,artist,#3D348B
13,Jean-Claude FOREST,48.840627,2.5077111,artist,#F35B04
14,Godwin HOFFMANN,49.919924,7.2757644,artist,#F35B04
15,Jean-Marie KRAUTH,48.8172236,7.7885978,artist,#F35B04
16,"Jean-Marc SCANREIGH (Jean-Marc PETIT, dit)",31.6258257,-7.9891608,artist,#F35B04
17,Petra WERLE,48.584614,7.7507127,artist,#F35B04
18,Claude CHAMPY,48.817399,1.9476363,artist,#F7B801
19,Jean-François FOUILHOUX,48.6137734,2.4818087,artist,#F7B801
20,Bernard SPITZ,48.7419909,7.3625953,artist,#F7B801
,,,,,
21,Georg ETTL,49.1980429,12.2718828,artist,#6FC572
22,Jean-Jacques RULLIER,45.6185284,6.7694313,artist,#3D348B
23,Klaus STAECK,51.1825771,14.0139733,artist,#3D348B
24,Martine ABALLÉA,40.7127281,-74.0060152,artist,#F7B801
25,François CURLET,48.8588897,2.320041,artist,#F7B801
26,Robert Jean DEBLANDER,48.8588897,2.320041,artist,#F7B801
27,Jean-Claude DUBOYS,45.8354243,1.2644847,artist,#F7B801
28,"HAGUIKO (Hagiko FUKUYAMA, dite)",33.2185408,130.1296585,artist,#F7B801
29,Richard HAMILTON,51.5074456,-0.1277653,artist,#F7B801
30,Mario PRASSINOS,41.006381,28.9758715,artist,#F7B801
31,Jean-Charles PROLONGEAU,42.6985304,2.8953121,artist,#F7B801
32,Martin SZEKELY,48.8588897,2.320041,artist,#F7B801
33,Gaston CHAISSAC,47.4885365,3.9070658,artist,#F35B04
34,Claude CLOSKY,48.8588897,2.320041,artist,#F35B04
35,Robert CUMMING,42.2625621,-71.8018877,artist,#F35B04
36,Gabriele DI MATTEO,40.7879211,14.3682813,artist,#F35B04
37,Joseph GRIGELY,42.1018764,-72.5886727,artist,#F35B04
38,Edmund KUPPEL,47.8150174,8.6824939,artist,#F35B04
39,Gilles MAHÉ,48.5618483,-3.1502007,artist,#F35B04
40,Allen RUPPERSBERG,41.4996574,-81.6936772,artist,#F35B04
41,Jean SABRIER,44.7411574,-0.6841225,artist,#F35B04
42,Jean-Joseph SANFOURCHE,45.9366592,-0.9616399,artist,#F35B04
43,Joe SCANLAN,39.6047852,-82.8290631,artist,#F35B04
,,,,,
44,Geneviève ASSE,47.6586772,-2.7599079,artist,#F35B04
45,Robert BARRY,40.7127281,-74.0060152,artist,#F35B04
46,Jacques BAUDUIN,47.6525123,-2.9175888,artist,#F35B04
47,Denis BRIAND,48.8588897,2.320041,artist,#F35B04
48,Marcel BROODTHAERS,50.3077751,5.119426,artist,#F35B04
49,"Camille BRYEN (Camille BRIAND, dit)",47.2186371,-1.5541362,artist,#F35B04
50,Gérard COLLIN-THIÉBAUT,48.2730754,7.283351,artist,#F35B04
51,Nicolas FÉDORENKO,48.4882362,-3.9978134,artist,#F35B04
52,Raymond HAINS,48.5141134,-2.7603283,artist,#F35B04
53,Al HANSEN,40.7127281,-74.0060152,artist,#F35B04
54,Iain BAXTER,54.5760419,-1.2344047,artist,#F35B04
55,Allan KAPROW,39.3642852,-74.4229351,artist,#F35B04
56,Alain KIRILI,48.8588897,2.320041,artist,#F35B04
57,Alison KNOWLES,40.7127281,-74.0060152,artist,#F35B04
58,Jean LE GAC,44.1253665,4.0852818,artist,#F35B04
59,"LEFEVRE JEAN CLAUDE (Jean Claude LEFÈVRE, dit)",49.047792,-1.4454857,artist,#F35B04
60,Mehryl LEVISSE,49.047792,-1.4454857,artist,#F35B04
61,Jackson MAC LOW,41.8755616,-87.6244212,artist,#F35B04
62,George MACIUNAS,54.8982139,23.9044817,artist,#F35B04
63,Gilles MAHÉ,48.5618483,-3.1502007,artist,#F35B04
64,Margarita MAXIMOVA,52.5170365,13.3888599,artist,#F35B04
65,Allan MCCOLLUM,40.7127281,-74.0060152,artist,#F35B04
66,Odile MIR,43.6044622,1.4442469,artist,#F35B04
67,Julie MOREL,45.7337532,4.9092352,artist,#F35B04
68,Wilfrid MOSER,47.3744489,8.5410422,artist,#F35B04
69,Matt MULLICAN,34.0194704,-118.491227,artist,#F35B04
70,Katie PATERSON,55.861155,-4.2501687,artist,#F35B04
71,Joao PENALVA,38.7077507,-9.1365919,artist,#F35B04
72,Michelangelo PISTOLETTO,45.5669538,8.086912,artist,#F35B04
73,Jock REYNOLDS,40.7127281,-74.0060152,artist,#F35B04
74,Dieter ROTH,47.5581077,7.5878261,artist,#F35B04
75,Daniel SPOERRI,45.4338215,28.0549395,artist,#F35B04
76,Jean TINGUELY,46.6789116,7.1027113,artist,#F35B04
77,Michel VACHEY,48.0820102,3.2942751,artist,#F35B04
78,Marie-Thérèse VACOSSIN,48.8588897,2.320041,artist,#F35B04
79,"Jacques VILLEGLÉ (Jacques MAHÉ DE LA VILLEGLÉ, dit)",47.9960325,-4.1024782,artist,#F35B04
80,Kees VISSER,52.3528406,4.6217323,artist,#F35B04
81,Eric WATIER,43.4945144,-1.4736657,artist,#F35B04
82,Mehryl LEVISSE,49.7735712,4.7206939,artist,#6FC572
83,Isabelle ARTHUIS,48.0073849,0.1967849,artist,#3D348B
84,Ronan & Erwan BOUROULLEC,48.8588897,2.320041,artist,#3D348B
85,Raymond HAINS,48.5141134,-2.7603283,artist,#3D348B
86,Ane HJORT GUTTU,61.1529386,8.7876653,artist,#3D348B
87,Alain LE QUERNEC,48.6849235,-3.0727913,artist,#3D348B
88,Jean-Philippe LEMÉE,48.4624461,-2.5165023,artist,#3D348B
89,Guillaume LINARD-OSORIO,48.3849647,2.9557006,artist,#3D348B
90,Jean-Luc MOULÈNE,49.2577886,4.031926,artist,#3D348B
91,Antoni MUNTADAS,41.3828939,2.1774322,artist,#3D348B
92,Guillaume PINARD,47.2186371,-1.5541362,artist,#3D348B
93,Jérôme SAINT-LOUBERT BIÉ,48.584614,7.7507127,artist,#3D348B
94,Larry ACHIAMPONG,51.5074456,-0.1277653,artist,#F7B801
95,Paul BADIÉ,11.568271,104.9224426,artist,#F7B801
96,Bernard BLOUCH,48.3975444,-4.2689684,artist,#F7B801
97,Andrea BLUM,40.7127281,-74.0060152,artist,#F7B801
98,Patrick BOULOT,43.4945306,-0.4981465,artist,#F7B801
99,Ronan BOUROULLEC,47.9960325,-4.1024782,artist,#F7B801
100,Edouardo CONSTANTINO,39.4071857,-9.1346004,artist,#F7B801
101,Jocelyn COTTENCIN,48.8588897,2.320041,artist,#F7B801
102,Louis FREHRING,48.584614,7.7507127,artist,#F7B801
103,Pierre GARNIER,45.7578137,4.8320114,artist,#F7B801
104,Piero GILARDI,45.0677551,7.6824892,artist,#F7B801
105,Bruce et Catherine GOULD,48.2463989,-4.4894463,artist,#F7B801
106,Geoffrey HENDRICKS,39.613321,-105.016649,artist,#F7B801
107,Pierre-Alain JAOUËN,49.255147,-0.8606317,artist,#F7B801
108,Xavier KREBS,47.8692882,-3.5505644,artist,#F7B801
109,Jean-Marie LANCELOT,48.8588897,2.320041,artist,#F7B801
110,Louise LAWLER,40.9381544,-73.8320784,artist,#F7B801
111,Jos LE CORRE,47.8758768,-3.0199362,artist,#F7B801
112,Michel LE GENTIL,43.1257311,5.9304919,artist,#F7B801
113,Anne LECOMTE,48.5141134,-2.7603283,artist,#F7B801
114,Mehryl LEVISSE,49.7735712,4.7206939,artist,#F7B801
115,Antoine LUCAS,47.9960325,-4.1024782,artist,#F7B801
116,George MACIUNAS,54.8982139,23.9044817,artist,#F7B801
117,Erwan MAHÉO,48.5141134,-2.7603283,artist,#F7B801
118,Nicolas MILHÉ,44.841225,-0.5800364,artist,#F7B801
119,Francine MILLO,45.6754622,6.3925417,artist,#F7B801
120,Françoise QUATREVAUX,47.2733517,-2.2138905,artist,#F7B801
121,Isabelle RABAROT,47.2186371,-1.5541362,artist,#F7B801
122,Pascal RIVET,47.9960325,-4.1024782,artist,#F7B801
123,Gustave TIFFOCHE,47.2733517,-2.2138905,artist,#F7B801
124,Thomas TUDOUX,45.47197723388672,-0.15610620379447937,artist,#F7B801
125,Pierre et Maïté WALTER,48.5230359,-3.9374261,artist,#F7B801
126,Lawrence WEINER,40.7127281,-74.0060152,artist,#F7B801
127,Paul YVAIN,48.3905283,-4.4860088,artist,#F7B801
,,,,,
128,Hans-Peter FELDMANN,51.2254018,6.7763137,artist,#3D348B
129,GENERAL IDEA,43.6534817,-79.3839347,artist,#F7B801
130,Clément RODZIELSKI,43.9198279,2.1499425,artist,#3D348B
131,Enrico BAJ,45.4641943,9.1896346,artist,#F7B801
132,Nina BEIER,56.1496278,10.2134046,artist,#F7B801
133,"CHRISTO (Christo JAVACHEFF, dit)",42.9638895,25.2119538,artist,#F7B801
134,Hollis FRAMPTON,40.7980976,-81.9397733,artist,#F7B801
135,Isabell HEIMERDINGER,48.7784485,9.1800132,artist,#F7B801
136,Hella JONGERIUS,52.0811781,5.0363571,artist,#F7B801
137,Roy LICHTENSTEIN,40.7127281,-74.0060152,artist,#F7B801
138,Bruce NAUMAN,41.0799898,-85.1386015,artist,#F7B801
139,PANAMARENKO,51.2211097,4.3997081,artist,#F7B801
140,Lil PICARD,52.5170365,13.3888599,artist,#F7B801
141,Richard ARTSCHWAGER,38.8950368,-77.0365427,artist,#F35B04
142,Paul BERGTOLD,38.8950368,-77.0365427,artist,#F35B04
143,Daniel BUREN,48.8356649,2.240206,artist,#F35B04
144,Nicolas CALAS,46.5218269,6.6327025,artist,#F35B04
145,Rodney GRAHAM,49.0521162,-122.329479,artist,#F35B04
146,Lee LOZANO,40.735657,-74.1723667,artist,#F35B04
147,Angus MACLISE,41.1792695,-73.1887863,artist,#F35B04
149,Aurelie NEMOURS,48.8588897,2.320041,artist,#F35B04
150,Adrian NUTBEEM,51.5582734,0.0711669,artist,#F35B04
151,Claes OLDENBURG,59.3251172,18.0710935,artist,#F35B04
152,Roland PENROSE,51.5074456,-0.1277653,artist,#F35B04
153,Bernard A. PFRIEM,41.4996574,-81.6936772,artist,#F35B04
154,Claude RUTAULT,47.0616428,0.017897,artist,#F35B04
155,Paul STEINER,38.8950368,-77.0365427,artist,#F35B04
156,Hervé TÉLÉMAQUE,18.547327,-72.3395928,artist,#F35B04
157,"Bernar VENET (Bernard VENET, dit)",44.0933882,6.0100706,artist,#F35B04
158,Jan VERCRUYSSE,50.8868222,3.4323622,artist,#F35B04
159,Diane WAKOSKI,38.8950368,-77.0365427,artist,#F35B04
160,Hannah WEINER,41.8239891,-71.4128343,artist,#F35B04
161,La Monte YOUNG,39.962222,-95.971942,artist,#F35B04
162,Gilberto ZORIO,45.609264,8.05272,artist,#F35B04
,,,,,
163,François ARNAL,43.1378245,5.9834654,artist,#F7B801
164,Diego GIACOMETTI,41.9502477,12.7145608,artist,#F7B801
165,Mathieu LEHANNEUR,45.9366592,-0.9616399,artist,#F7B801
166,Benoît MAIRE,44.805615,-0.6308396,artist,#F7B801
167,Bruno MUNARI,45.4641943,9.1896346,artist,#F7B801
168,Frédéric RUYANT,48.8588897,2.320041,artist,#F7B801
169,Mathieu Kleyebe ABONNENC,48.8588897,2.320041,artist,#3D348B
170,Leonor ANTUNES,38.7077507,-9.1365919,artist,#3D348B
171,Cory ARCANGEL,42.8867166,-78.8783922,artist,#3D348B
172,Pierre ARDOUVIN,44.7282675,5.0236641,artist,#3D348B
173,Farah ATASSI,50.8465573,4.351697,artist,#3D348B
174,Elena BAJO,40.4167047,-3.7035825,artist,#3D348B
175,Robert BARRY,40.7127281,-74.0060152,artist,#3D348B
176,Eva BARTO,47.2186371,-1.5541362,artist,#3D348B
177,Erica BAUM,40.7127281,-74.0060152,artist,#3D348B
178,Thomas BAYRLE,52.5170365,13.3888599,artist,#3D348B
179,Neïl BELOUFA,48.8588897,2.320041,artist,#3D348B
180,Karina BISCH,48.8588897,2.320041,artist,#3D348B
181,Pierre BISMUTH,48.884683,2.2695658,artist,#3D348B
182,Katinka BOCK,50.1106444,8.6820917,artist,#3D348B
183,Melanie BONAJO,50.8775239,5.9815066,artist,#3D348B
184,Elvire BONDUELLE,48.8588897,2.320041,artist,#3D348B
185,Iñaki BONILLAS,19.4326296,-99.1331785,artist,#3D348B
186,Bruno BOTELLA,48.9960813,2.3796245,artist,#3D348B
187,Olaf BREUNING,47.6960491,8.634513,artist,#3D348B
188,Pablo BRONSTEIN,-34.6075682,-58.4370894,artist,#3D348B
189,Stefan BRÜGGEMANN,19.4326296,-99.1331785,artist,#3D348B
190,Stéphane CALAIS,50.291048,2.7772211,artist,#3D348B
191,Alejandro CESARCO,-34.9058916,-56.1913095,artist,#3D348B
192,Laurie CHARLES,50.8465573,4.351697,artist,#3D348B
193,Nina CHILDRESS,34.1476507,-118.1441551,artist,#3D348B
194,Jagna CIUCHTA,52.4341757,20.7061104,artist,#3D348B
195,Claire FONTAINE,48.8588897,2.320041,artist,#3D348B
196,Claude CLOSKY,48.8588897,2.320041,artist,#3D348B
197,Delphine COINDET,45.6754622,6.3925417,artist,#3D348B
198,Julien CREUZET,48.9385489,2.4631476,artist,#3D348B
199,Eric CROES,50.4793576,4.18563,artist,#3D348B
200,François CURLET,48.8588897,2.320041,artist,#3D348B
201,Pauline CURNIER JARDIN,43.6951468,5.5032671,artist,#3D348B
202,Denis DARZACQ,48.8588897,2.320041,artist,#3D348B
203,Lieven DE BOECK,50.8465573,4.351697,artist,#3D348B
204,"Jos DE GRUYTER, Harald THYS",,,artist,#3D348B
205,Philippe DECRAUZAT,46.5218269,6.6327025,artist,#3D348B
206,Koenraad DEDOBBELEER,50.8465573,4.351697,artist,#3D348B
207,Caroline DELIEUTRAZ,45.8992348,6.1288847,artist,#3D348B
208,DENICOLAI & PROVOOST,50.8465573,4.351697,artist,#3D348B
209,Kevin DESBOUIS,46.8284259,3.4616097,artist,#3D348B
210,DEYI STUDIO,31.2312707,121.4700152,artist,#3D348B
211,Thea DJORDJADZE,41.6934591,44.8014495,artist,#3D348B
212,Jason DODGE,30.8118989,-93.740504,artist,#3D348B
213,EMILIE BROUT & MAXIME MARION,48.8474508,2.4396714,artist,#3D348B
214,Sylvie FLEURY,46.2017559,6.1466014,artist,#3D348B
215,Michel FRANÇOIS,50.8269478,5.2034249,artist,#3D348B
216,Ryan GANDER,53.1908873,-2.8908955,artist,#3D348B
217,Dora GARCÍA,41.6521328,-4.728562,artist,#3D348B
218,Mark GEFFRIAUD,48.7876,2.39164,artist,#3D348B
219,Liam GILLICK,51.8161412,-0.8130383,artist,#3D348B
220,Rodney GRAHAM,49.0521162,-122.329479,artist,#3D348B
221,Amy GRANAT,38.6280278,-90.1910154,artist,#3D348B
222,Joseph GRIGELY,42.1018764,-72.5886727,artist,#3D348B
223,Diane GUYOT DE SAINT MICHEL,50.5331612,2.1523287,artist,#3D348B
224,Thomas HIRSCHHORN,46.9484742,7.4521749,artist,#3D348B
225,Karl HOLMQVIST,59.3251172,18.0710935,artist,#3D348B
226,IDA TURSIC & WILFRIED MILLE,47.3215806,5.0414701,artist,#3D348B
227,Daniel JACOBY,-12.0621065,-77.0365256,artist,#3D348B
228,Pierre JOSEPH,49.1813403,-0.3635615,artist,#3D348B
229,Véronique JOUMARD,45.1875602,5.7357819,artist,#3D348B
230,"Sister Corita KENT (Frances Elizabeth KENT, dite)",42.5044017,-94.1910044,artist,#3D348B
231,Aglaia KONRAD,47.7981346,13.0464806,artist,#3D348B
232,Susanne KRIEMANN,49.5928616,11.1956,artist,#3D348B
233,Gabriel KURI,19.4326296,-99.1331785,artist,#3D348B
234,Bo Christian LARSSON,59.3113619,14.11176,artist,#3D348B
235,Seulgi LEE,37.5666791,126.9782914,artist,#3D348B
236,Pierre LEGUILLON,48.8387639,2.4916592,artist,#3D348B
237,Jochen LEMPERT,51.451283,6.62843,artist,#3D348B
238,Mark LUYTEN,51.2211097,4.3997081,artist,#3D348B
239,Jonathan MARTIN,48.8795658,2.415796,artist,#3D348B
240,Matali CRASSET,48.9566218,4.3628851,artist,#3D348B
241,MATTEO TERZAGHI & MARCO ZÜRCHER,46.0050102,8.9520281,artist,#3D348B
242,Mathieu MERCIER,48.9938791,2.0949768,artist,#3D348B
243,Théo MERCIER,48.8588897,2.320041,artist,#3D348B
244,Adrien MISSIKA,48.8588897,2.320041,artist,#3D348B
245,Jonathan MONK,52.6362,-1.1331969,artist,#3D348B
246,Flora MOSCOVICI,48.8588897,2.320041,artist,#3D348B
247,Jean-Luc MOULÈNE,49.2577886,4.031926,artist,#3D348B
248,Maurizio NANNUCCI,43.7698712,11.2555757,artist,#3D348B
249,Olaf NICOLAI,51.4825041,11.9705452,artist,#3D348B
250,Otobong NKANGA,11.8948389,8.5364136,artist,#3D348B
251,Sophie NYS,51.2211097,4.3997081,artist,#3D348B
252,Damir OČKO,45.8426414,15.9622315,artist,#3D348B
253,Anouchka OLER,48.6551086,-1.9939189,artist,#3D348B
254,Willem OOREBEEK,51.9244424,4.47775,artist,#3D348B
255,Bill OWENS,37.3361663,-121.890591,artist,#3D348B
256,Gyan PANCHAL,48.8588897,2.320041,artist,#3D348B
257,Pierre PAULIN,45.1437,5.71927,artist,#3D348B
258,Manfred PERNICE,52.1521636,9.9513046,artist,#3D348B
259,Kirsten PIEROTH,50.1055002,8.7610698,artist,#3D348B
260,PIERRE LA POLICE,49.2480975,5.9370519,artist,#3D348B
261,Emilie PITOISET,48.8422182,2.5563749,artist,#3D348B
262,Henrik PLENGE JAKOBSEN,55.6867243,12.5700724,artist,#3D348B
263,Marie QUEAU,48.7630238,2.4093664,artist,#3D348B
264,Florian & Michaël QUISTREBERT,48.9146078,2.3821895,artist,#3D348B
265,Walid RAAD,33.8892265,35.5025585,artist,#3D348B
266,Loïc RAGUÉNÈS,47.2380222,6.0243622,artist,#3D348B
267,Lili REYNAUD DEWAR,46.1591126,-1.1520434,artist,#3D348B
268,Clément RODZIELSKI,43.9277552,2.147899,artist,#3D348B
269,Willem de ROOIJ,52.4876371,4.6603502,artist,#3D348B
270,Allen RUPPERSBERG,41.4996574,-81.6936772,artist,#3D348B
271,Anri SALA,41.3281482,19.8184435,artist,#3D348B
272,Bettina SAMSON,48.8588897,2.320041,artist,#3D348B
273,Yann SÉRANDOUR,47.6586772,-2.7599079,artist,#3D348B
274,SHIMABUKU,34.6932379,135.1943764,artist,#3D348B
275,Veit STRATMANN,51.4818111,7.2196635,artist,#3D348B
276,SUPERFLEX,55.6867243,12.5700724,artist,#3D348B
277,Céline VACHÉ-OLIVIERI,48.8588897,2.320041,artist,#3D348B
278,Tris VONNA-MICHELL,51.5388241,0.7128137,artist,#3D348B
279,Kelley WALKER,39.958316,-82.677831,artist,#3D348B
280,Mark WALLINGER,51.6228297,0.0805021,artist,#3D348B
281,Marijke van WARMERDAM,52.353353,4.9070318,artist,#3D348B
282,WE ARE THE PAINTERS,48.8588897,2.320041,artist,#3D348B
283,Johannes WOHNSEIFER,50.938361,6.959974,artist,#3D348B
284,Erwin WURM,47.4121987,15.2721668,artist,#3D348B
285,Raphaël ZARKA,43.6112422,3.8767337,artist,#3D348B
,,,,,
286,Amy BALKIN,37.7790262,-122.419906,artist,#3D348B
287,Dora GARCÍA,41.6521328,-4.728562,artist,#3D348B
288,GUERRILLA GIRLS,38.8950368,-77.0365427,artist,#3D348B
289,Joséphine KAEPPELIN,45.7578137,4.8320114,artist,#3D348B
290,Silvia KOLBOWSKI,-34.6075682,-58.4370894,artist,#3D348B
291,Jiri KOVANDA,50.0874654,14.4212535,artist,#3D348B
292,Jean-Christophe ROELENS,49.1196964,6.1763552,artist,#3D348B
293,Graciela SACCO,-33.326025,-62.0354768,artist,#3D348B
294,Katrin STRÖBEL,48.8908846,8.7029532,artist,#3D348B
295,Nil YALTER,30.0443879,31.2357257,artist,#3D348B
296,Michel AUBURTIN,43.7323492,7.4276832,artist,#F7B801
297,"Michèle BLONDEL (Michèle COLE, dite)",48.8588897,2.320041,artist,#F7B801
298,Julien DISCRIT,49.042561,3.9528655,artist,#F35B04
299,Liliana PORTER,-34.6075682,-58.4370894,artist,#F7B801
300,Paul RISCH,48.8172236,7.7885978,artist,#F7B801
301,Erwin TRUM,48.1371079,11.5753822,artist,#F7B801
302,Mathieu Kleyebe ABONNENC,48.8588897,2.320041,artist,#F35B04
303,Meris ANGIOLETTI,45.7566557,9.7542192,artist,#F35B04
304,Neal BEGGS,53.5577842,-6.0923054,artist,#F35B04
305,Iñaki BONILLAS,19.4326296,-99.1331785,artist,#F35B04
306,Monica BONVICINI,45.4371908,12.3345898,artist,#F35B04
307,Joseph GRIGELY,42.1018764,-72.5886727,artist,#F35B04
308,Bernard HEIDSIECK,48.8588897,2.320041,artist,#F35B04
309,JOANA HADJITHOMAS & KHALIL JOREIGE,48.8588897,2.320041,artist,#F35B04
310,Teresa MARGOLLES,24.7978965,-107.393395,artist,#F35B04
311,Tom MARIONI,39.1014537,-84.5124602,artist,#F35B04
312,Dona Ann MCADAMS,43.1481323,-73.1989963,artist,#F35B04
313,Susana MEJIA,6.2443382,-75.573553,artist,#F35B04
314,Annette MESSAGER,50.4052576,1.5711617,artist,#F35B04
315,Vera MOLNAR,47.4978918,19.0401609,artist,#F35B04
316,Claire MOREL,47.7467233,7.3389937,artist,#F35B04
317,Roman OPALKA,49.9928243,1.8768545,artist,#F35B04
318,Cornelia PARKER,51.5074456,-0.1277653,artist,#F35B04
319,Cesare PIETROIUSTI,41.8933203,12.4829321,artist,#F35B04
320,David RENAUD,45.1875602,5.7357819,artist,#F35B04
,,,,,
321,Saâdane AFIF,47.7934453,1.0662256,artist,#3D348B
322,"AGNÈS DAHAN STUDIO, Constance GUISSET",37.5666791,126.9782914,artist,#3D348B
323,Sang-Soo AHN,37.5666791,126.9782914,artist,#3D348B
324,Pierre ARDOUVIN,48.8588897,2.320041,artist,#3D348B
325,Pierre-Olivier ARNAUD,45.7578137,4.8320114,artist,#3D348B
326,ATELIER TER BEKKE § BEHAGE,48.8588897,2.320041,artist,#3D348B
327,BALDINGER & VU-HUU,48.8588897,2.320041,artist,#3D348B
328,Jean-Paul BERRENGER,49.4404591,1.0939658,artist,#3D348B
329,Delphine BOESCHLIN,49.4938975,0.1079732,artist,#3D348B
330,Sarah BORIS,51.5074456,-0.1277653,artist,#3D348B
331,Simon BOUDVIN,48.0073849,0.1967849,artist,#3D348B
332,CHANGE IS GOOD,48.8588897,2.320041,artist,#3D348B
333,Claude CLOSKY,48.8588897,2.320041,artist,#3D348B
334,COLLECTIF D'EN FACE,49.4404591,1.0939658,artist,#3D348B
335,Sara DE BONDT,50.879202,4.7011675,artist,#3D348B
336,Mirtha DERMISACHE,-34.6075682,-58.4370894,artist,#3D348B
337,Olivier DOUZOU,44.3511408,2.5728493,artist,#3D348B
338,Sophie DUBOSC,48.8588897,2.320041,artist,#3D348B
339,Jean-Jacques DUMONT,48.8385198,-0.8893293,artist,#3D348B
340,FLAG,47.3744489,8.5410422,artist,#3D348B
341,FRÉDÉRIC TACER,49.4404591,1.0939658,artist,#3D348B
342,Gilles FURTWÄNGLER,46.5218269,6.6327025,artist,#3D348B
343,Christophe GAUDARD,47.2380222,6.0243622,artist,#3D348B
344,Dominique GHESQUIÈRE,30.421309,-87.2169149,artist,#3D348B
345,Julien GOBLED,49.5052482,0.0805655,artist,#3D348B
346,HELMO,48.8623357,2.4412184,artist,#3D348B
347,Julian HOUSE,51.5074456,-0.1277653,artist,#3D348B
348,Dominique HURTH,48.0777517,7.3579641,artist,#3D348B
349,Véronique JOUMARD,45.1875602,5.7357819,artist,#3D348B
350,Hugo JOURDAN,48.8588897,2.320041,artist,#3D348B
351,Jean JULLIEN,47.0617293,-0.8801359,artist,#3D348B
352,Ben KINMONT,40.8126922,-91.1020205,artist,#3D348B
353,Virgile LAGUIN,49.5052482,0.0805655,artist,#3D348B
354,"Stéphane LE MERCIER (Stéphane LE MERCIER-DAUNY, dit)",48.5141134,-2.7603283,artist,#3D348B
355,LES GRAPHIQUANTS,48.8588897,2.320041,artist,#3D348B
356,Claude LÉVÊQUE,46.9876601,3.1577203,artist,#3D348B
357,LIEUX COMMUNS,48.8588897,2.320041,artist,#3D348B
358,Jonathan LOPPIN,49.0457362,3.4027111,artist,#3D348B
359,Pierre-Emmanuel LYET,48.8588897,2.320041,artist,#3D348B
360,M/M,48.8588897,2.320041,artist,#3D348B
361,Fanette MELLIER,45.2399639,4.6675475,artist,#3D348B
362,Nicolas MILHÉ,44.841225,-0.5800364,artist,#3D348B
363,Anita MOLINERO,44.8356545,-0.5141955,artist,#3D348B
364,NA KIM,37.5666791,126.9782914,artist,#3D348B
365,Karl NAWROT,45.7733573,4.8868454,artist,#3D348B
366,Richard NIESSEN,52.5119116,5.0562845,artist,#3D348B
367,NORM,47.3744489,8.5410422,artist,#3D348B
368,Marjorie OBER,48.8172236,7.7885978,artist,#3D348B
369,OPEN SOURCE PUBLISHING,50.8550018,4.3512334,artist,#3D348B
370,Vincent PERROTTET,48.935773,2.3580232,artist,#3D348B
371,Damien POULAIN,47.4739884,-0.5515588,artist,#3D348B
372,Marie REINERT,49.7577729,0.374891,artist,#3D348B
373,Delphine REIST,46.2311749,7.3588795,artist,#3D348B
374,Michael RIEDEL,49.991701,8.4138251,artist,#3D348B
375,Mathieu ROQUET,45.9366592,-0.9616399,artist,#3D348B
376,S-Y-N-D-I-C-A-T,48.8588897,2.320041,artist,#3D348B
377,Mathias SCHWEIZER,46.2017559,6.1466014,artist,#3D348B
378,Izet SHESHEVARI,46.2017559,6.1466014,artist,#3D348B
379,STUDIO DUMBAR,31.2312707,121.4700152,artist,#3D348B
380,SUPER TERRAIN,47.2186371,-1.5541362,artist,#3D348B
381,SUPERSCRIPT²,45.7578137,4.8320114,artist,#3D348B
382,Frédéric TESCHNER,48.7643664,2.391024,artist,#3D348B
383,Barthélémy TOGUO,3.515197,11.503114,artist,#3D348B
384,Sylvia TOURNERIE,43.1437925,0.1586661,artist,#3D348B
385,Frédéric VAESEN,50.44741,2.9068246,artist,#3D348B
386,Bernard VILLERS,50.7956766,4.4071502,artist,#3D348B
387,Sven 'T JOLLE,51.2211097,4.3997081,artist,#F35B04
388,Ignasi ABALLÍ,41.3828939,2.1774322,artist,#F35B04
389,Adel ABDESSEMED,36.3641642,6.6084281,artist,#F35B04
390,Darren ALMOND,53.5457188,-2.6264624,artist,#F35B04
391,Benjamin Laurent AMAN,49.4404591,1.0939658,artist,#F35B04
392,Alice ANDERSON,51.5074456,-0.1277653,artist,#F35B04
393,Xavier ANTIN,45.0354375,5.0520015,artist,#F35B04
394,Leonor ANTUNES,38.7077507,-9.1365919,artist,#F35B04
395,ARNAUD DESJARDIN. THE EVERYDAY PRESS,51.5074456,-0.1277653,artist,#F35B04
396,"ASSADOUR (Bezdikian ASSADOUR, dit)",33.8892265,35.5025585,artist,#F35B04
397,Geneviève ASSE,47.6586772,-2.7599079,artist,#F35B04
398,Saïd ATEK,36.6816175,4.237186,artist,#F35B04
399,ATELIER DE GRÈVE RENNAIS,48.1113387,-1.6800198,artist,#F35B04
400,Rodolphe AUTÉ,48.8588897,2.320041,artist,#F35B04
401,Albert AYME,43.6976,4.03334,artist,#F35B04
402,Ivan BAFOIL,48.8588897,2.320041,artist,#F35B04
403,André BALTHAZAR,50.4793576,4.18563,artist,#F35B04
404,Robert BARRY,40.7127281,-74.0060152,artist,#F35B04
405,Delphine BEDEL,52.3730796,4.8924534,artist,#F35B04
406,Jérémie BENNEQUIN,48.8588897,2.320041,artist,#F35B04
407,Alain BERNARDINI,48.9582708,2.8773541,artist,#F35B04
408,BERTRAN BERRENGER,49.4404591,1.0939658,artist,#F35B04
409,Ricardo BLOCH,19.4326296,-99.1331785,artist,#F35B04
410,Raphaël BOCCANFUSO,48.8709053,2.2255727,artist,#F35B04
411,Katinka BOCK,50.1106444,8.6820917,artist,#F35B04
412,Christian BOLTANSKI,48.8588897,2.320041,artist,#F35B04
413,René BONARGENT,46.8267767,1.7010433,artist,#F35B04
414,Tom BONAURO,37.7790262,-122.419906,artist,#F35B04
415,Simon BOUDVIN,48.0073849,0.1967849,artist,#F35B04
416,François BOUILLON,45.8354243,1.2644847,artist,#F35B04
417,Philippe BOUTIBONNES,43.9492493,4.8059012,artist,#F35B04
418,Francis BRAUN,48.8588897,2.320041,artist,#F35B04
419,Denis BRIAND,48.8588897,2.320041,artist,#F35B04
420,Leszek BROGOWSKI,48.1113387,-1.6800198,artist,#F35B04
421,BROOMBERG & CHANARIN,51.5074456,-0.1277653,artist,#F35B04
422,"Pier BROUET (Pierre BROUET, dit)",48.8798179,-0.064071,artist,#F35B04
423,James BROWN,34.0536909,-118.242766,artist,#F35B04
424,Julien BRUNET,49.4404591,1.0939658,artist,#F35B04
425,Ludovic BUREL,50.6365654,3.0635282,artist,#F35B04
426,Daniel BUREN,48.8356649,2.240206,artist,#F35B04
427,Jean-Marc BUSTAMANTE,43.6044622,1.4442469,artist,#F35B04
428,James Lee BYARS,42.3315509,-83.0466403,artist,#F35B04
429,Miriam CAHN,47.5581077,7.5878261,artist,#F35B04
430,Sophie CALLE,48.8588897,2.320041,artist,#F35B04
431,Mariana CASTILLO DEBALL,19.4326296,-99.1331785,artist,#F35B04
432,Philippe CAZAL,43.2524029,2.6500593,artist,#F35B04
433,Mauro CEOLIN,45.4641943,9.1896346,artist,#F35B04
434,Jean-Paul CHAMBAS,43.7594444,0.3041667,artist,#F35B04
435,Guy CHAPLAIN,49.6329792,2.2939649,artist,#F35B04
436,Serge CHARCHOUNE,53.6554,52.442,artist,#F35B04
437,Aurore CHASSÉ,45.7578137,4.8320114,artist,#F35B04
438,Yves CHAUDOUËT,48.884683,2.2695658,artist,#F35B04
439,Eduardo CHILLIDA,43.3224219,-1.9838889,artist,#F35B04
440,Marieta CHIRULESCU,45.7973912,24.1519202,artist,#F35B04
441,Colin COOK,39.4203978,-84.180897,artist,#F35B04
442,Melanie COUNSELL,51.4816546,-3.1791934,artist,#F35B04
443,Didier COURBOT,50.7226113,2.5360331,artist,#F35B04
444,Christophe CUZIN,45.329026,5.264369,artist,#F35B04
445,Dominique DE BEIR,50.272874,1.6673051,artist,#F35B04
446,Tacita DEAN,51.2800275,1.0802533,artist,#F35B04
447,Olivier DEBRÉ,48.8588897,2.320041,artist,#F35B04
448,Guillaume DÉGÉ,48.8356649,2.240206,artist,#F35B04
449,Rodolphe DELAUNAY,49.4404591,1.0939658,artist,#F35B04
450,John DENEUVE,45.8992348,6.1288847,artist,#F35B04
451,Jacques DESCHAMPS,49.1813403,-0.3635615,artist,#F35B04
452,Bruno DI ROSA,45.7578137,4.8320114,artist,#F35B04
453,Jan DIBBETS,51.2355829,5.7050797,artist,#F35B04
454,Mark DION,41.6362152,-70.934205,artist,#F35B04
455,DOCUMENTATION CÉLINE DUVAL,48.9356047,2.0917743,artist,#F35B04
456,Jacqueline DONACHIE,55.861155,-4.2501687,artist,#F35B04
457,Bertrand DORNY,48.8588897,2.320041,artist,#F35B04
458,Peter DOWNSBROUGH,40.4862174,-74.4518173,artist,#F35B04
459,Tom DRAHOS,50.7240899,15.1710958,artist,#F35B04
460,Gaspard DRUBIGNY,49.4404591,1.0939658,artist,#F35B04
461,Patrick DUBRAC,48.8588897,2.320041,artist,#F35B04
462,Fernand DUBUIS,43.73903,0.00822,artist,#F35B04
463,Caroline DUCHATELET,50.3579317,3.5234846,artist,#F35B04
464,Daniel DUHAMEL,51.0347708,2.3772525,artist,#F35B04
465,Gilbert DUPUIS,47.5520069,-0.8083653,artist,#F35B04
466,Virginia DUQUETTE,40.7127281,-74.0060152,artist,#F35B04
467,Marcel DZAMA,49.8955367,-97.1384584,artist,#F35B04
468,Lidewij EDELKOORT,52.3730796,4.8924534,artist,#F35B04
469,ERNEST T.,48.8588897,2.320041,artist,#F35B04
470,Joseph ERNST,51.5074456,-0.1277653,artist,#F35B04
471,Jean-Michel ESPITALLIER,48.8588897,2.320041,artist,#F35B04
472,Christelle FAMILIARI,46.3241132,-0.4649403,artist,#F35B04
473,Sirine FATTOUH,33.8892265,35.5025585,artist,#F35B04
474,Alexandre FAUGERAS,48.7760957,1.9988356,artist,#F35B04
475,Hans-Peter FELDMANN,51.2254018,6.7763137,artist,#F35B04
476,Jacques FLORET,48.8588897,2.320041,artist,#F35B04
477,Eric FONTENEAU,47.0617293,-0.8801359,artist,#F35B04
478,"Fred FOREST (Claude FOREST, dit)",35.3978385,0.2430195,artist,#F35B04
479,FRANCKDAVID,48.8623357,2.4412184,artist,#F35B04
480,Estelle FREDET,48.8588897,2.320041,artist,#F35B04
481,Brad FREEMAN,41.8755616,-87.6244212,artist,#F35B04
482,Nicolas FRESPECH,44.5579391,4.750318,artist,#F35B04
483,Jazon FRINGS,29.7589382,-95.3676974,artist,#F35B04
484,FUCKING GOOD ART,51.9244424,4.47775,artist,#F35B04
485,Hamish FULTON,51.5074456,-0.1277653,artist,#F35B04
486,Jeanne GAILHOUSTET,48.7876,2.39164,artist,#F35B04
487,Antonio GALLEGO,48.9404491,1.9987648,artist,#F35B04
488,Ryan GANDER,53.1908873,-2.8908955,artist,#F35B04
489,Philippe GAREL,48.7694756,-3.5626633,artist,#F35B04
490,Anna GASKELL,41.5910323,-93.6046655,artist,#F35B04
491,Jakob GAUTEL,49.0068705,8.4034195,artist,#F35B04
492,GILBERT & GEORGE,51.5074456,-0.1277653,artist,#F35B04
493,Laetitia GIORGINO,48.8588897,2.320041,artist,#F35B04
494,Nicolas GIRAUD,45.4401467,4.3873058,artist,#F35B04
495,Geert GOIRIS,51.0909633,4.2389677,artist,#F35B04
496,Douglas GORDON,55.861155,-4.2501687,artist,#F35B04
497,Jean-Luc GOUPIL,49.4404591,1.0939658,artist,#F35B04
498,Rodney GRAHAM,49.0521162,-122.329479,artist,#F35B04
499,Didier GRANET,45.8872222,0.9011111,artist,#F35B04
500,Raphaël GRISEY,48.8795658,2.415796,artist,#F35B04
501,Louise GUAY,45.5031824,-73.5698065,artist,#F35B04
502,Marie-Ange GUILLEMINOT,48.9356047,2.0917743,artist,#F35B04
503,Claudia HART,40.7127281,-74.0060152,artist,#F35B04
504,Eric HATTAN,47.465839,8.3266114,artist,#F35B04
505,Paul HEIMBACH,50.6612623,6.7871219,artist,#F35B04
506,herman de vries,52.6008538,4.8170994,artist,#F35B04
507,Anne HEYVAERT,35.1460249,-90.0517638,artist,#F35B04
508,Ciprian HOMORODEAN,45.7538355,21.2257474,artist,#F35B04
509,Véronique HUBERT,48.8588897,2.320041,artist,#F35B04
510,Patrice HUGUES,48.8953328,2.2561602,artist,#F35B04
511,Fabrice HYBER,46.4555953,-1.1645595,artist,#F35B04
512,Luis JACOB,-12.0621065,-77.0365256,artist,#F35B04
513,Manfred JADE,51.2254018,6.7763137,artist,#F35B04
514,Jason KARAÏNDROS,37.9755648,23.7348324,artist,#F35B04
515,On KAWARA,34.974678,137.002791,artist,#F35B04
516,Julien KEDRYNA,49.1196964,6.1763552,artist,#F35B04
517,Erik KESSELS,51.1933903,5.9882649,artist,#F35B04
518,Farah KHELIL,36.8548083,10.3309924,artist,#F35B04
519,Ben KINMONT,40.8126922,-91.1020205,artist,#F35B04
520,Yves KLEIN,43.7009358,7.2683912,artist,#F35B04
521,Pierre KLOSSOWSKI,48.8588897,2.320041,artist,#F35B04
522,Laurent KROPF,46.5218269,6.6327025,artist,#F35B04
523,"Lucas L'HERMITTE (Bernard L'HERMITTE, dit)",49.0979057,-1.5773793,artist,#F35B04
524,Jean-Benoît LALLEMANT,48.539927,2.6608169,artist,#F35B04
525,André LANSKOY,55.7505412,37.6174782,artist,#F35B04
526,Pascal LE COQ,48.4438601,1.4881434,artist,#F35B04
527,Stéphane LECOMTE,48.8588897,2.320041,artist,#F35B04
528,Antoine LEFEBVRE,48.8795658,2.415796,artist,#F35B04
529,"LEFEVRE JEAN CLAUDE (Jean Claude LEFÈVRE, dit)",49.047792,-1.4454857,artist,#F35B04
530,Jochen LEMPERT,51.451283,6.62843,artist,#F35B04
531,Olivier LEROI,47.3592182,1.7434925,artist,#F35B04
532,LETARIS,48.8588897,2.320041,artist,#F35B04
533,Isabelle LÉVÉNEZ,47.2186371,-1.5541362,artist,#F35B04
534,Emeric LHUISSET,47.4739884,-0.5515588,artist,#F35B04
535,Yveline LOISEUR,49.6425343,-1.6249565,artist,#F35B04
536,Richard LONG,51.4538022,-2.5972985,artist,#F35B04
537,Jean-Claude LOUBIÈRES,49.282103,3.6389239,artist,#F35B04
538,Thomas MAILAENDER,43.2961743,5.3699525,artist,#F35B04
539,Philippe MAIRESSE,46.7888997,4.8529605,artist,#F35B04
540,Alfred MANESSIER,50.03683,2.1223737,artist,#F35B04
541,Michel MANGARD,48.8267628,-3.5112796,artist,#F35B04
542,Pablo MARCOS GARCIA,43.2961743,5.3699525,artist,#F35B04
543,Aline MARÉCHAL,48.8588897,2.320041,artist,#F35B04
544,Laurent MARISSAL,48.884683,2.2695658,artist,#F35B04
545,Charles MARQ,48.8588897,2.320041,artist,#F35B04
546,Roberto MARTINEZ,48.8588897,2.320041,artist,#F35B04
547,André MASSON,49.2959835,2.3361068,artist,#F35B04
548,Jean-Claude MATTRAT,49.4404591,1.0939658,artist,#F35B04
549,Elmar MAUCH,48.0730713,8.7391941,artist,#F35B04
550,Cédric MAZET ZACCARDELLI,45.7421715,4.7824016,artist,#F35B04
551,Juan MENDIZABAL,43.2630018,-2.9350039,artist,#F35B04
552,Patrick MERCKAERT,51.3154546,9.4924096,artist,#F35B04
553,Mario MERZ,45.4641943,9.1896346,artist,#F35B04
554,Annette MESSAGER,50.4052576,1.5711617,artist,#F35B04
555,Guillaume MILLET,48.1113387,-1.6800198,artist,#F35B04
556,Pierre MONJARET,43.232858,0.0781021,artist,#F35B04
557,Jonathan MONK,52.6362,-1.1331969,artist,#F35B04
558,Claire MOREL,47.7467233,7.3389937,artist,#F35B04
559,Simon MORRIS,51.5074456,-0.1277653,artist,#F35B04
560,Côme MOSTA-HEIRT,49.4938975,0.1079732,artist,#F35B04
561,Maurizio NANNUCCI,43.7698712,11.2555757,artist,#F35B04
562,Julien NÉDÉLEC,48.1113387,-1.6800198,artist,#F35B04
563,Tamarin NORWOOD,51.7520131,-1.2578499,artist,#F35B04
564,Filip NOTERDAEME,50.8465573,4.351697,artist,#F35B04
565,Aurélie NOURY,48.8588897,2.320041,artist,#F35B04
566,Laurent OKROGLIC,48.8588897,2.320041,artist,#F35B04
567,Camila OLIVEIRA FAIRCLOUGH,-22.9110137,-43.2093727,artist,#F35B04
568,Jean-Michel OTHONIEL,45.4401467,4.3873058,artist,#F35B04
569,Gérald PANIGHI,43.7753495,7.5029213,artist,#F35B04
570,Ben PATTERSON,40.4416941,-79.9900861,artist,#F35B04
571,Simon PATTERSON,51.2715316,-0.3414524,artist,#F35B04
572,Bruno PEINADO,43.6112422,3.8767337,artist,#F35B04
573,Marine PEIXOTO,43.6112422,3.8767337,artist,#F35B04
574,Gilles PENNANEAC'H,48.3905283,-4.4860088,artist,#F35B04
575,"Dan PERJOVSCHI (Dan Sorin PERJOVSCHI, dit)",45.7973912,24.1519202,artist,#F35B04
576,Bernard PESCHET,48.8588897,2.320041,artist,#F35B04
577,Aurélie PÉTREL,45.6977109,4.8855966,artist,#F35B04
578,Tom PHILLIPS,51.5074456,-0.1277653,artist,#F35B04
579,Albert Julien Theresius PICARD,43.3196859,6.4687979,artist,#F35B04
580,Michalis PICHLER,52.5170365,13.3888599,artist,#F35B04
581,Jack PIERSON,41.9426657,-70.7618592,artist,#F35B04
582,Bernard PIFFARETTI,45.4401467,4.3873058,artist,#F35B04
583,Guillaume PINARD,47.2186371,-1.5541362,artist,#F35B04
584,Abraham POINCHEVAL,48.4312059,0.0911374,artist,#F35B04
585,Anne et Patrick POIRIER,43.7755825,5.3515561,artist,#F35B04
586,Benoît POLICE,50.8465573,4.351697,artist,#F35B04
587,Clara PRIOUX,48.0073849,0.1967849,artist,#F35B04
588,PRIOUX ET PEIXOTO,48.8588897,2.320041,artist,#F35B04
589,Denis PRISSET,44.9332277,4.8920811,artist,#F35B04
590,Mathieu PROVANSAL,44.4440039,2.8642235,artist,#F35B04
591,Marc QUER,48.9589006,2.5420812,artist,#F35B04
592,Rober RACINE,45.5031824,-73.5698065,artist,#F35B04
593,"RARA (RAIN WU, RALF PFLUGFELDER)",51.5074456,-0.1277653,artist,#F35B04
594,Josué RAUSCHER,47.7467233,7.3389937,artist,#F35B04
595,Hubert RENARD,45.7578137,4.8320114,artist,#F35B04
596,Sébastien REUZÉ,48.884683,2.2695658,artist,#F35B04
597,Florence REYMOND,45.7578137,4.8320114,artist,#F35B04
598,Sophie RISTELHUEBER,48.8588897,2.320041,artist,#F35B04
599,Ricarda ROGGAN,51.0493286,13.7381437,artist,#F35B04
600,Eric RONDEPIERRE,47.9027336,1.9086066,artist,#F35B04
601,Dieter ROTH,52.5170365,13.3888599,artist,#F35B04
602,Claude RUTAULT,47.0616428,0.017897,artist,#F35B04
603,Benjamin SABATIER,48.0073849,0.1967849,artist,#F35B04
604,Anri SALA,41.3281482,19.8184435,artist,#F35B04
605,Matthieu SALADIN,48.8035403,2.1266886,artist,#F35B04
606,Yvan SALOMONE,48.649518,-2.0260409,artist,#F35B04
607,Hans SCHABUS,46.6190737,13.3048879,artist,#F35B04
608,Klaus SCHERÜBEL,47.4121987,15.2721668,artist,#F35B04
609,Joachim SCHMID,52.5170365,13.3888599,artist,#F35B04
610,Corinne SENTOU,43.6044622,1.4442469,artist,#F35B04
611,Yann SÉRANDOUR,47.6586772,-2.7599079,artist,#F35B04
612,Bérénice SERRA,45.4401467,4.3873058,artist,#F35B04
613,Laurent SFAR,50.4638918,1.7631125,artist,#F35B04
614,Cindy SHERMAN,40.805378,-74.2037566,artist,#F35B04
615,Michel SICARD,43.1257311,5.9304919,artist,#F35B04
616,Hedi SLIMANE,48.8588897,2.320041,artist,#F35B04
617,Kiki SMITH,49.453872,11.077298,artist,#F35B04
618,John STEZAKER,42.2625621,-71.8018877,artist,#F35B04
619,Jessica STOCKHOLDER,47.6038321,-122.330062,artist,#F35B04
620,Batia SUTER,47.5172321,8.5407118,artist,#F35B04
621,Arpad SZENES,47.4978918,19.0401609,artist,#F35B04
622,Eric TABUCHI,48.8588897,2.320041,artist,#F35B04
623,Cannelle TANC,43.7009358,7.2683912,artist,#F35B04
624,TAROOP & GLABEL,48.8588897,2.320041,artist,#F35B04
625,Ramaya TEGEGNE,46.2017559,6.1466014,artist,#F35B04
626,Nick THURSTON,54.7023545,-3.2765753,artist,#F35B04
627,Yann TOMA,48.884683,2.2695658,artist,#F35B04
628,Gérard TRAQUANDI,43.2961743,5.3699525,artist,#F35B04
629,Mathieu TREMBLIN,48.0073849,0.1967849,artist,#F35B04
630,Sarah TRITZ,48.7911052,2.2870373,artist,#F35B04
631,Pierre TUAL,46.8121056,1.5382052,artist,#F35B04
632,Richard TUTTLE,40.6081591,-74.2776468,artist,#F35B04
633,"Raoul UBAC (Rudolf Gustav Maria Ernst UBACH, dit)",50.938361,6.959974,artist,#F35B04
634,UN/NOUS,48.8588897,2.320041,artist,#F35B04
635,Sarah VADÉ,48.8588897,2.320041,artist,#F35B04
636,Frédéric VAESEN,50.44741,2.9068246,artist,#F35B04
637,Anne-Mie VAN KERCKHOVEN,51.2211097,4.3997081,artist,#F35B04
638,Patrick VERNET,50.2314908,2.1177614,artist,#F35B04
639,Christophe VIART,47.3282126,-2.4298014,artist,#F35B04
640,Maria Helena VIEIRA DA SILVA,38.7077507,-9.1365919,artist,#F35B04
641,Bernard VILLERS,50.7956766,4.4071502,artist,#F35B04
642,Frédéric VINCENT,50.5037492,2.4682059,artist,#F35B04
643,Jan VOSS,53.550341,10.000654,artist,#F35B04
644,Eric WATIER,43.4945144,-1.4736657,artist,#F35B04
645,Erik van der WEIJDE,51.7958812,4.6779351,artist,#F35B04
646,Lawrence WEINER,40.7127281,-74.0060152,artist,#F35B04
647,Stephen WILLATS,51.5074456,-0.1277653,artist,#F35B04
648,Emmett WILLIAMS,34.851354,-82.3984882,artist,#F35B04
649,Nancy WILSON-PAJIC,41.3272919,-89.1287636,artist,#F35B04
650,Stephen WRIGHT,49.2608724,-123.113952,artist,#F35B04
651,Samuel YAL,45.7578137,4.8320114,artist,#F35B04
652,Etienne YVER,49.1813403,-0.3635615,artist,#F35B04
653,Cristof YVORÉ,47.3900474,0.6889268,artist,#F35B04
654,David ZÉRAH,48.8385198,-0.8893293,artist,#F35B04
655,Lubomir ARZT,48.862725,2.287592,artist,#F7B801
656,Dominique BAJARD,45.7926485,4.3385894,artist,#F7B801
657,Dominique BARDET,42.8968558,2.1148971,artist,#F7B801
658,Pierre BAYLE,43.2310412,2.5338256,artist,#F7B801
659,René BEN LISA,43.3989529,5.3663965,artist,#F7B801
660,Anne BULLIOT,48.584614,7.7507127,artist,#F7B801
661,Gisèle BUTHOD-GARCON,44.0444747,4.4416529,artist,#F7B801
662,Claude CHAMPY,48.817399,1.9476363,artist,#F7B801
663,Dale CHIHULY,47.6038321,-122.330062,artist,#F7B801
664,Daphne CORREGAN,43.7323492,7.4276832,artist,#F7B801
665,"Jutta CUNY (Jutta FRANZ, dite)",52.5170365,13.3888599,artist,#F7B801
666,"Monica DAMIAN (Monica DAMIAN-EYRIGNOUX, dite)",49.5431014,0.5537634,artist,#F7B801
667,"DANYEL (Daniel PERÈS, dit)",43.1837757,3.0041906,artist,#F7B801
668,"Geneviève DE CINARCA (Geneviève LECA-CINARCA, dite)",43.6896953,6.7136872,artist,#F7B801
669,Serge DELAUNE,49.7577729,0.374891,artist,#F7B801
670,Edmée DELSOL,48.8126688,2.2385432,artist,#F7B801
671,Tjok DESSAUVAGE,50.8465573,4.351697,artist,#F7B801
672,Dragan DROBNJAK,43.2343484,21.5884422,artist,#F7B801
673,Jean-François FOUILHOUX,48.6137734,2.4818087,artist,#F7B801
674,Michel GARDELLE,48.8356649,2.240206,artist,#F7B801
675,Alain GIREL,45.5662672,5.9203636,artist,#F7B801
676,André GUTMAN,46.0345572,4.0729178,artist,#F7B801
677,"HAGUIKO (Hagiko FUKUYAMA, dite)",33.2185408,130.1296585,artist,#F7B801
678,Milan HANDL,49.6901444,14.0103663,artist,#F7B801
679,Anne KROG OVREBO,59.9133301,10.7389701,artist,#F7B801
680,Françoise LAFOREST,45.6931647,-0.3250175,artist,#F7B801
681,Danny LANE,40.1117174,-88.207301,artist,#F7B801
682,Florian LECHNER,48.1371079,11.5753822,artist,#F7B801
683,Olivier LEROI,47.3592182,1.7434925,artist,#F7B801
684,Maria LUGOSSY,47.4978918,19.0401609,artist,#F7B801
685,Raymond MARTINEZ,44.0554043,5.0487681,artist,#F7B801
686,Hiromi MASUDA,35.6821936,139.762221,artist,#F7B801
687,Daniel de MONTMOLLIN,46.9895828,6.9292641,artist,#F7B801
688,Remy MURATORE,43.2961743,5.3699525,artist,#F7B801
689,François PAIRE,45.9864749,4.726611,artist,#F7B801
690,Clifford RAINEY,54.7548363,-5.7155824,artist,#F7B801
691,Marianne RÉQUÉNA,48.648322,-0.515983,artist,#F7B801
692,Miluse ROUBICKOVA,50.0874654,14.4212535,artist,#F7B801
693,Véronique SABLERY,49.1813403,-0.3635615,artist,#F7B801
694,Renato SANTAROSSA,46.4984781,11.3547399,artist,#F7B801
695,Emmanuel SAULNIER,48.8588897,2.320041,artist,#F7B801
696,Burkhard SEGUIN,49.5928616,11.1956,artist,#F7B801
697,Christian SOUCARET,48.8588897,2.320041,artist,#F7B801
698,Ramaya TEGEGNE,46.2017559,6.1466014,artist,#F7B801
699,Jozef TOMECKO,49.2672261,13.6278449,artist,#F7B801
700,Michel TOURLIÈRE,47.0239064,4.8380426,artist,#F7B801
701,François VIGORIE,44.6360982,-1.0714014,artist,#F7B801
702,Jean-Pierre VIOT,49.4404591,1.0939658,artist,#F7B801
703,Camille VIROT,44.0381752,5.6296701,artist,#F7B801
704,Dana ZÁMECNÍKOVÁ,50.0874654,14.4212535,artist,#F7B801
705,Udo ZEMBOK,52.2646577,10.5236066,artist,#F7B801
706,Yan ZORITCHAK,49.5629014,15.9391924,artist,#F7B801
,,,,,
707,Martine BEDIN,44.841225,-0.5800364,artist,#F7B801
708,François CANTE-PACOS,48.8588897,2.320041,artist,#F7B801
709,Konstantin GRCIC,48.1371079,11.5753822,artist,#F7B801
710,Hans HOLLEIN,48.2083537,16.3725042,artist,#F7B801
711,Benoît MAIRE,44.805615,-0.6308396,artist,#F7B801
712,Pierre MARCATO,45.3555884,-1.0593641,artist,#F7B801
713,Pascal MOURGUE,48.884683,2.2695658,artist,#F7B801
714,Eric RAFFY,44.841225,-0.5800364,artist,#F7B801
715,"Pablo REINOSO (Paul GARCÍA REINOSO, dit)",-34.6075682,-58.4370894,artist,#F7B801
716,Ettore SOTTSASS,47.2654296,11.3927685,artist,#F7B801
717,STUDIO TOTEM,45.7578137,4.8320114,artist,#F7B801
718,Anne XIRADAKIS,43.4945144,-1.4736657,artist,#F7B801
719,Jean-François TEXIER,45.7460663,-0.6300671,artist,#F35B04
,,,,,
720,Jean-Paul AZAÏS,42.6291282,2.7557657,artist,#F7B801
721,"Mattia BONETTI, Elisabeth GAROUSTE (Elizabeth ROCHLINE, dite)",42.6291282,2.7557657,artist,#F7B801
722,Gisèle BUTHOD-GARCON,44.0444747,4.4416529,artist,#F7B801
723,"Ol CÔME (Olivier CÔME, dit)",44.0444747,4.4416529,artist,#F7B801
724,Robert Jean DEBLANDER,44.0444747,4.4416529,artist,#F7B801
725,Léopold GEST,43.8374249,4.3600687,artist,#F7B801
726,Jean GIREL,46.369778,4.631,artist,#F7B801
727,"GOUDJI (Guy AMACHOUKELI, dit)",48.8588897,2.320040,artist,#F7B801
728,Gilles JONEMANN,43.5298424,5.4474737,artist,#F7B801
729,Jacques MALAVIEILLE,44.5180226,3.4991057,artist,#F7B801
730,NEMO,48.8588897,2.320040,artist,#F7B801
731,STUDIO TOTEM,45.7578137,4.8320113,artist,#F7B801
732,Michel TORREILLES,43.6112422,3.8767337,artist,#F7B801
,,,,,
733,Marc CHEVALIER,48.8588897,2.320041,artist,#3D348B
734,François DUFRÈNE,48.8588897,2.320041,artist,#3D348B
735,Raymond HAINS,48.5141134,-2.7603283,artist,#3D348B
736,Martin KIPPENBERGER,51.5142273,7.4652789,artist,#3D348B
737,Allen RUPPERSBERG,41.4996574,-81.6936772,artist,#3D348B
738,"Jacques VILLEGLÉ (Jacques MAHÉ DE LA VILLEGLÉ, dit)",47.9960325,-4.1024782,artist,#3D348B
739,Jérémie BENNEQUIN,48.8588897,2.320041,artist,#F7B801
740,Guy LE MEAUX,47.8058026,-3.2751174,artist,#F7B801
741,Raivo PUUSEMP,58.7523778,25.3319078,artist,#F7B801
742,"Mariano FORTUNY (Mariano FORTUNY Y DE MADRASO, dit)",12.1360374,-61.6904045,artist,#F7B801
743,Jane HARRIS,30.2213981,-81.5947183,artist,#F7B801
,,,,,
744,Saâdane AFIF,47.7934453,1.0662256,artist,#3D348B
745,François BAUCHET,46.3400296,2.6073963,artist,#F7B801
746,Nathalie DU PASQUIER,44.841225,-0.5800364,artist,#F7B801
747,Marie DUCATÉ,50.6365654,3.0635282,artist,#F7B801
748,Ettore SOTTSASS,47.2654296,11.3927685,artist,#F7B801
749,George James SOWDEN,53.7974185,-1.5437941,artist,#F7B801
750,STUDIO TOTEM,45.7578137,4.8320114,artist,#F7B801
751,Véronique VERSTRAETE,47.8607467,4.5749139,artist,#F7B801
752,Pierre-Olivier ARNAUD,45.7578137,4.8320114,artist,#F7B801
753,Jean-Philippe AUBANEL,45.7578137,4.8320114,artist,#F7B801
754,Orla BARRY,52.4601874,-6.6065155,artist,#F7B801
755,Ricardo BLOCH,19.4326296,-99.1331785,artist,#F7B801
756,Daniel BUREN,48.8356649,2.240206,artist,#F7B801
757,Mauro CEOLIN,45.4641943,9.1896346,artist,#F35B04
758,Claude CLOSKY,48.8588897,2.320041,artist,#F35B04
759,Hanne DARBOVEN,48.1371079,11.5753822,artist,#F35B04
760,DOCUMENTATION CÉLINE DUVAL,48.9356047,2.0917743,artist,#F35B04
761,Peter DOWNSBROUGH,46.500283,-66.750183,artist,#F35B04
762,Anne-Valérie GASC,43.2961743,5.3699525,artist,#F35B04
763,On KAWARA,35.6840574,139.7744912,artist,#F35B04
764,David LASNIER,43.2961743,5.3699525,artist,#F35B04
765,Pierre LEGUILLON,48.8387639,2.4916592,artist,#F35B04
766,Tamarin NORWOOD,43.2961743,5.3699525,artist,#F35B04
767,Andrée PHILIPPOT-MATHIEU,45.52524,4.87477,artist,#F35B04
768,Michalis PICHLER,52.5170365,13.3888599,artist,#F35B04
769,Alain POUILLET,46.0990614,3.3623424,artist,#F35B04
770,Hubert RENARD,45.7578137,4.8320114,artist,#F35B04
771,Joël RIFF,48.8172236,7.7885978,artist,#F35B04
772,Eric TABUCHI,48.8588897,2.320041,artist,#F35B04
773,Mathieu TREMBLIN,48.0073849,0.1967849,artist,#F35B04
774,Eric WATIER,43.4945144,-1.4736657,artist,#F35B04
775,Francine ZUBEIL,48.584614,7.7507127,artist,#F35B04